file_name,result
139442p0.sv,successful
139443p0.sv,successful
139444p0.sv,successful
139454p0.sv,successful
139463p0.sv,successful
6s100.sv,timeout
6s102.sv,successful
6s105.sv,timeout
6s108.sv,successful
6s10.sv,timeout
6s119.sv,timeout
6s120.sv,successful
6s122.sv,successful
6s12.sv,timeout
6s131.sv,timeout
6s13.sv,timeout
6s147.sv,successful
6s148.sv,timeout
6s149.sv,successful
6s151.sv,successful
6s159.sv,successful
6s160.sv,successful
6s161.sv,timeout
6s164.sv,successful
6s16.sv,timeout
6s171.sv,successful
6s173.sv,timeout
6s177.sv,successful
6s179.sv,timeout
6s183.sv,timeout
6s184.sv,timeout
6s185.sv,timeout
6s186.sv,timeout
6s187.sv,timeout
6s188.sv,timeout
6s190.sv,successful
6s194.sv,successful
6s195.sv,successful
6s198.sv,successful
6s202b00.sv,successful
6s203b41.sv,memout
6s204b19.sv,successful
6s206rb025.sv,successful
6s20.sv,timeout
6s22.sv,successful
6s23.sv,timeout
6s24.sv,timeout
6s266rb2.sv,timeout
6s267rb3.sv,timeout
6s268r.sv,successful
6s271rb045.sv,successful
6s271rb079.sv,successful
6s273b37.sv,successful
6s274r.sv,successful
6s276rb342.sv,successful
6s277rb292.sv,successful
6s279r.sv,timeout
6s280r.sv,timeout
6s281b35.sv,memout
6s284rb1.sv,successful
6s299b685.sv,memout
6s29.sv,successful
6s301rb106.sv,memout
6s306rb03.sv,successful
6s307rb09.sv,successful
6s309b034.sv,successful
6s309b046.sv,failed
6s310r.sv,successful
6s317b14.sv,successful
6s31.sv,timeout
6s320rb0.sv,timeout
6s322rb646.sv,memout
6s325rb072.sv,successful
6s326rb08.sv,successful
6s329rb19.sv,timeout
6s329rb20.sv,timeout
6s339rb19.sv,successful
6s339rb22.sv,successful
6s33.sv,timeout
6s340rb27.sv,timeout
6s340rb63.sv,timeout
6s341r.sv,timeout
6s342rb122.sv,memout
6s342rb131.sv,memout
6s343b31.sv,timeout
6s344rb150.sv,successful
6s350rb35.sv,memout
6s350rb46.sv,memout
6s351rb02.sv,successful
6s355rb08740.sv,successful
6s355rb11080.sv,successful
6s357r.sv,timeout
6s359r.sv,timeout
6s35.sv,successful
6s362rb0.sv,successful
6s362rb1.sv,successful
6s365r.sv,successful
6s366r.sv,successful
6s367r.sv,timeout
6s36.sv,successful
6s372rb26.sv,successful
6s376r.sv,successful
6s377r.sv,successful
6s380b129.sv,successful
6s382r.sv,memout
6s385rb444.sv,successful
6s387rb181.sv,memout
6s387rb291.sv,memout
6s391rb379.sv,successful
6s393r.sv,timeout
6s394r.sv,timeout
6s398b09.sv,timeout
6s398b16.sv,timeout
6s399b02.sv,timeout
6s399b03.sv,timeout
6s39.sv,successful
6s401rb051.sv,timeout
6s402rb0342.sv,memout
6s404rb1.sv,timeout
6s405rb611.sv,successful
6s406rb067.sv,successful
6s406rb111.sv,timeout
6s407rb296.sv,timeout
6s410rb043.sv,successful
6s413b398.sv,successful
6s421rb083.sv,successful
6s43.sv,successful
6s44.sv,timeout
6s45.sv,successful
6s48p1.sv,timeout
6s514r.sv,timeout
6s516r.sv,timeout
6s517rb0.sv,timeout
6s52.sv,successful
6s54.sv,failed
6s7.sv,timeout
bc57sensorsp0.sv,successful
bc57sensorsp1.sv,successful
bc57sensorsp1neg.sv,successful
beemandrsn4b1.sv,timeout
beembkry8b1.sv,timeout
beembrptwo3b2.sv,successful
beembrptwo6b1.sv,successful
beemcmbrdg7f2.sv,timeout
beemcycschd3b1.sv,successful
beemelev1f1.sv,successful
beemelev2f1.sv,successful
beemextnc1b1.sv,timeout
beemextnc1f1.sv,timeout
beemextnc3f1.sv,timeout
beemfrogs4f1.sv,timeout
beemfwt2b2.sv,successful
beemfwt3f3.sv,successful
beemfwt4b1.sv,timeout
beemfwt5b1.sv,timeout
beemfwt5b3.sv,timeout
beemhanoi4b1.sv,timeout
beemkrebs4b1.sv,successful
beemlann2f1.sv,timeout
beemldfilt3f1.sv,timeout
beemldfilt7b1.sv,timeout
beemlifts2b1.sv,timeout
beemlifts3b1.sv,timeout
beemlmprt8f1.sv,failed
beemloyd3b1.sv,timeout
beemlup1b1.sv,successful
beemmcs6f1.sv,timeout
beemmsmie1f1.sv,timeout
beemndhm4b3.sv,timeout
beempgmprot1f2.sv,successful
beempgsol4f1.sv,timeout
beempgsol5b1.sv,failed
beemprdcell2f1.sv,successful
beemptrsn1b1.sv,timeout
beemptrsn7f1.sv,timeout
beemrshr4b1.sv,timeout
beemrwtrs2b1.sv,timeout
beemskbn2b1.sv,timeout
beemskbn3f1.sv,timeout
beemszmsk1f1.sv,successful
beemtlphn4f1.sv,timeout
beemtrngt4b1.sv,successful
bj08amba2g3f3.sv,successful
bjrb07amba10andenv.sv,timeout
bjrb07amba1andenv.sv,successful
bjrb07amba4andenv.sv,timeout
bjrb07amba5andenv.sv,timeout
bob12s02.sv,timeout
bob12s03.sv,timeout
bob12s06.sv,timeout
bob12s08.sv,timeout
bob12s10.sv,successful
bob2.sv,successful
bob3.sv,timeout
bob9234spec4neg.sv,successful
bob9234spec5neg.sv,successful
bob9234spec6neg.sv,successful
bobcohdoptdcd4.sv,timeout
boblivea.sv,successful
boblivear.sv,successful
bobmiterbm1and.sv,successful
bobpcihm.sv,timeout
bobsm38584.sv,timeout
bobsm5378d2.sv,successful
bobsm9234.sv,timeout
bobsmcodic.sv,timeout
bobsmdct.sv,successful
bobsmhdlc1.sv,timeout
bobsmmem.sv,timeout
bobsmminiuart.sv,successful
bobsmmips.sv,timeout
bobsmoci.sv,timeout
bobsynth09neg.sv,successful
bobsynthetic2.sv,failed
bobtuint08neg.sv,successful
bobtuint09neg.sv,successful
bobtuint12neg.sv,successful
bobtuint16neg.sv,successful
bobtuint17neg.sv,successful
bobtuint18neg.sv,successful
bobtuint19neg.sv,successful
bobtuint20neg.sv,successful
bobtuint21neg.sv,successful
bobtuint22neg.sv,successful
bobtuint26neg.sv,successful
bobtuintand.sv,successful
bobtuintorneg.sv,successful
bobtuttt.sv,failed
bobuns2p10d100l.sv,timeout
cmugigamax.sv,successful
cmuperiodic.sv,successful
eijkbs1512.sv,successful
eijkbs3271.sv,timeout
eijkbs4863.sv,successful
eijkbs6669.sv,timeout
eijks1423.sv,timeout
eijks208c.sv,successful
eijks208o.sv,successful
eijks298.sv,successful
eijks420.sv,successful
eijks510.sv,successful
eijks713.sv,successful
eijks820.sv,successful
eijks832.sv,successful
irstdme5.sv,successful
kenflashp01.sv,successful
kenflashp04.sv,successful
kenflashp11.sv,successful
kenflashp13.sv,successful
kenoopp1.sv,successful
mentorbm1p01.sv,successful
mentorbm1p05.sv,successful
mentorbm1p07.sv,successful
mentorbm1p09.sv,successful
ndista128.sv,successful
ndista262144.sv,successful
neclaftp1002.sv,successful
neclaftp2001.sv,successful
neclaftp2002.sv,successful
neclaftp4001.sv,successful
nusmvdme116.sv,successful
nusmvdme216.sv,successful
nusmvguidancep6.sv,successful
nusmvguidancep8.sv,successful
nusmvreactorp1.sv,successful
nusmvreactorp2.sv,successful
nusmvreactorp4.sv,successful
nusmvreactorp5.sv,successful
nusmvreactorp6.sv,successful
nusmvsyncarb10p2.sv,successful
nusmvtcasp2.sv,successful
nusmvtcastp3.sv,successful
oski15a01b00s.sv,memout
oski15a01b01s.sv,memout
oski15a01b02s.sv,memout
oski15a01b03s.sv,memout
oski15a01b04s.sv,memout
oski15a01b05s.sv,memout
oski15a01b06s.sv,memout
oski15a01b07s.sv,memout
oski15a01b08s.sv,memout
oski15a01b09s.sv,memout
oski15a01b10s.sv,memout
oski15a01b11s.sv,memout
oski15a01b12s.sv,memout
oski15a01b13s.sv,memout
oski15a01b14s.sv,memout
oski15a01b15s.sv,memout
oski15a01b16s.sv,memout
oski15a01b17s.sv,memout
oski15a01b18s.sv,memout
oski15a01b19s.sv,memout
oski15a01b20s.sv,memout
oski15a01b21s.sv,memout
oski15a01b22s.sv,memout
oski15a01b23s.sv,memout
oski15a01b24s.sv,memout
oski15a01b25s.sv,memout
oski15a01b26s.sv,memout
oski15a01b27s.sv,memout
oski15a01b28s.sv,memout
oski15a01b29s.sv,memout
oski15a01b30s.sv,memout
oski15a01b31s.sv,memout
oski15a01b32s.sv,memout
oski15a01b33s.sv,memout
oski15a01b34s.sv,memout
oski15a01b35s.sv,memout
oski15a01b36s.sv,memout
oski15a01b37s.sv,memout
oski15a01b38s.sv,memout
oski15a01b39s.sv,memout
oski15a01b40s.sv,memout
oski15a01b41s.sv,memout
oski15a01b42s.sv,memout
oski15a01b43s.sv,memout
oski15a01b44s.sv,memout
oski15a01b45s.sv,memout
oski15a01b46s.sv,memout
oski15a01b47s.sv,memout
oski15a01b48s.sv,memout
oski15a01b49s.sv,memout
oski15a01b50s.sv,memout
oski15a01b51s.sv,memout
oski15a01b52s.sv,memout
oski15a01b53s.sv,memout
oski15a01b54s.sv,memout
oski15a01b55s.sv,memout
oski15a01b56s.sv,memout
oski15a01b57s.sv,memout
oski15a01b58s.sv,memout
oski15a01b59s.sv,memout
oski15a01b60s.sv,memout
oski15a01b61s.sv,memout
oski15a01b62s.sv,memout
oski15a01b63s.sv,memout
oski15a01b64s.sv,memout
oski15a01b65s.sv,memout
oski15a01b66s.sv,memout
oski15a01b67s.sv,memout
oski15a01b68s.sv,memout
oski15a01b69s.sv,memout
oski15a01b70s.sv,memout
oski15a01b71s.sv,memout
oski15a01b72s.sv,memout
oski15a01b73s.sv,memout
oski15a01b74s.sv,memout
oski15a01b75s.sv,memout
oski15a01b76s.sv,memout
oski15a01b77s.sv,memout
oski15a01b78s.sv,memout
oski15a01b79s.sv,memout
oski15a07b0s.sv,timeout
oski15a07b1s.sv,failed
oski15a07b2s.sv,timeout
oski15a07b3s.sv,failed
oski15a07b4s.sv,timeout
oski15a07b5s.sv,failed
oski15a08b00s.sv,memout
oski15a08b01s.sv,memout
oski15a08b02s.sv,memout
oski15a08b03s.sv,memout
oski15a08b04s.sv,memout
oski15a08b05s.sv,memout
oski15a08b06s.sv,memout
oski15a08b07s.sv,memout
oski15a08b08s.sv,memout
oski15a08b09s.sv,memout
oski15a08b10s.sv,memout
oski15a08b11s.sv,memout
oski15a08b12s.sv,memout
oski15a08b13s.sv,memout
oski15a08b14s.sv,memout
oski15a08b15s.sv,memout
oski15a08b16s.sv,memout
oski15a08b17s.sv,memout
oski15a10b00s.sv,successful
oski15a10b01s.sv,failed
oski15a10b02s.sv,timeout
oski15a10b03s.sv,failed
oski15a10b04s.sv,timeout
oski15a10b05s.sv,failed
oski15a10b06s.sv,timeout
oski15a10b07s.sv,failed
oski15a10b08s.sv,timeout
oski15a10b09s.sv,failed
oski15a10b10s.sv,timeout
oski15a10b11s.sv,failed
oski15a10b12s.sv,timeout
oski15a10b13s.sv,failed
oski15a10b14s.sv,timeout
oski15a10b15s.sv,failed
oski15a10b16s.sv,timeout
oski15a10b17s.sv,failed
oski15a14b00s.sv,timeout
oski15a14b01s.sv,timeout
oski15a14b02s.sv,timeout
oski15a14b03s.sv,timeout
oski15a14b04s.sv,timeout
oski15a14b05s.sv,timeout
oski15a14b06s.sv,timeout
oski15a14b07s.sv,timeout
oski15a14b08s.sv,timeout
oski15a14b09s.sv,timeout
oski15a14b10s.sv,timeout
oski15a14b11s.sv,timeout
oski15a14b12s.sv,timeout
oski15a14b13s.sv,timeout
oski15a14b14s.sv,successful
oski15a14b15s.sv,timeout
oski15a14b16s.sv,timeout
oski15a14b17s.sv,timeout
oski15a14b18s.sv,successful
oski15a14b19s.sv,timeout
oski15a14b20s.sv,timeout
oski15a14b21s.sv,timeout
oski15a14b22s.sv,timeout
oski15a14b23s.sv,timeout
oski15a14b24s.sv,timeout
oski15a14b25s.sv,timeout
oski15a14b26s.sv,timeout
oski15a14b27s.sv,timeout
oski15a14b28s.sv,timeout
oski15a14b29s.sv,timeout
oski15a14b30s.sv,timeout
oski15a14b31s.sv,timeout
oski15a14b32s.sv,timeout
oski15a14b33s.sv,timeout
oski1rub00i.sv,timeout
oski1rub01i.sv,timeout
oski1rub02i.sv,timeout
oski1rub03i.sv,successful
oski1rub08i.sv,timeout
oski1rub09i.sv,timeout
oski1rub10i.sv,timeout
oski2b1i.sv,memout
oski2b2i.sv,successful
oski2b3i.sv,memout
oski2b4i.sv,memout
oski2b5i.sv,memout
oski2ub0i.sv,timeout
oski3b0i.sv,failed
oski3b3i.sv,failed
pdtfifo1to0.sv,timeout
pdtpmsam2901.sv,timeout
pdtpmsblackjack.sv,successful
pdtpmscoherence.sv,timeout
pdtpmsns2.sv,timeout
pdtpmstwo.sv,successful
pdtpmsudc8.sv,timeout
pdtswvqis10x6p2.sv,successful
pdtswvsam6x8p1.sv,successful
pdtswvtma6x4p1.sv,successful
pdtswvtms12x8p1.sv,successful
pdtswvtms14x8p1.sv,successful
pdtvisbakery2.sv,successful
pdtvisblackjack1.sv,successful
pdtvisblackjack2.sv,successful
pdtviscoherence4.sv,successful
pdtvisgigamax3.sv,successful
pdtvisgoodbakery0.sv,successful
pdtvisminmax0.sv,successful
pdtvisminmaxr1.sv,successful
pdtvisns3p02.sv,timeout
pdtvisretherrtf1.sv,successful
pdtvissoap2.sv,successful
pdtvistimeout0.sv,timeout
pdtvistwoall3.sv,successful
pdtvisvending07.sv,successful
pdtvisvending09.sv,successful
pdtvisvsa16a10.sv,successful
pdtvisvsa16a16.sv,successful
pdtvisvsa16a27.sv,successful
pdtvisvsa16a29.sv,successful
pdtvisvsar22.sv,successful
pdtvsar8multip13.sv,successful
pdtvsar8multip16.sv,successful
pdtvsar8multip23.sv,successful
pdtvsarmultip08.sv,successful
pdtvsarmultip13.sv,successful
pdtvsarmultip29.sv,successful
pdtvsarmultip30.sv,successful
pj2002.sv,successful
pj2003.sv,successful
pj2006.sv,successful
pj2007.sv,successful
pj2015.sv,successful
pj2018.sv,successful
power2bit128.sv,successful
power2bit8.sv,successful
power2eq2048.sv,successful
power2eq262144.sv,successful
power2eq32768.sv,successful
power2eq65536.sv,successful
power2sum128.sv,successful
power2sum256.sv,successful
power2sum32.sv,successful
prodcellp0neg.sv,successful
prodcellp1.sv,successful
prodcellp2neg.sv,successful
prodcellp4.sv,successful
shift1add2048.sv,successful
shift1add256.sv,successful
shift1add262144.sv,successful
shift1add512.sv,successful
shift1add524288.sv,successful
texaspimainp05.sv,successful
texaspimainp12.sv,successful
vis4arbitp1.sv,successful
viscoherencep2.sv,successful
viscoherencep3.sv,successful
viselevatorp3.sv,successful
